회사명,제목,링크,지역,연봉정보,마감일,직무분야,카테고리
(주)파이오링크,"[코스닥 상장사] Linux,Python,Java,Api 개발자 모집(신입/경력)",https://www.saramin.co.kr/zf_user/jobs/relay/view?view_type=search&rec_idx=49458119&location=ts&searchword=python&searchType=search&paid_fl=n&search_uuid=d4c7d12e-8be0-4d8a-bcb2-c328933c9775,서울 금천구,IT개발·데이터 지원 TOP100,~ 12/31(화),"Python, C++, Java, 솔루션, Linux 외                    수정일 24/11/25","['Python', 'C++', 'Java', '솔루션', 'Linux 외                    수정일 24/11/25']"
마인드원(주),소프트웨어 개발 (Java&Python) 신입 및 경력 모집,https://www.saramin.co.kr/zf_user/jobs/relay/view?view_type=search&rec_idx=49559707&location=ts&searchword=python&searchType=search&paid_fl=n&search_uuid=d4c7d12e-8be0-4d8a-bcb2-c328933c9775,서울 강남구,IT개발·데이터 지원 TOP100,~ 01/09(목),"Python, Java, 솔루션, 웹개발, 앱개발 외                    수정일 24/12/13","['Python', 'Java', '솔루션', '웹개발', '앱개발 외                    수정일 24/12/13']"
(주)마크클라우드,"AI 개발(Python), 데이터분석 및 사업 기획 모집",https://www.saramin.co.kr/zf_user/jobs/relay/view?view_type=search&rec_idx=49441156&location=ts&searchword=python&searchType=search&paid_fl=n&search_uuid=d4c7d12e-8be0-4d8a-bcb2-c328933c9775,서울 강남구,인기있는,~ 12/20(금),"Python, 딥러닝, 머신러닝, 빅데이터, 데이터분석가 외                    수정일 24/12/09","['Python', '딥러닝', '머신러닝', '빅데이터', '데이터분석가 외                    수정일 24/12/09']"
(주)마크클라우드,"AI 개발(Python), 데이터분석 및 사업 기획 모집(인턴)",https://www.saramin.co.kr/zf_user/jobs/relay/view?view_type=search&rec_idx=49551418&location=ts&searchword=python&searchType=search&paid_fl=n&search_uuid=d4c7d12e-8be0-4d8a-bcb2-c328933c9775,서울 강남구,인기있는,~ 02/07(금),"Python, 딥러닝, 머신러닝, 빅데이터, 데이터분석가 외                    등록일 24/12/09","['Python', '딥러닝', '머신러닝', '빅데이터', '데이터분석가 외                    등록일 24/12/09']"
㈜칸테크,ORACLE/PYTHON/JAVA/SQL 개발자 모집,https://www.saramin.co.kr/zf_user/jobs/relay/view?view_type=search&rec_idx=49545109&location=ts&searchword=python&searchType=search&paid_fl=n&search_uuid=d4c7d12e-8be0-4d8a-bcb2-c328933c9775,서울 강남구,IT개발·데이터 지원 TOP100,~ 01/05(일),"Python, Java, 솔루션, 웹개발, 데이터시각화 외                    등록일 24/12/06","['Python', 'Java', '솔루션', '웹개발', '데이터시각화 외                    등록일 24/12/06']"
조베이스(주),[솔루션] 백엔드 개발자 모집(python),https://www.saramin.co.kr/zf_user/jobs/relay/view?view_type=search&rec_idx=49555726&location=ts&searchword=python&searchType=search&paid_fl=n&search_uuid=d4c7d12e-8be0-4d8a-bcb2-c328933c9775,서울 강남구,인기있는,~ 01/08(수),"Python, C++, Java, 솔루션, 빅데이터 외                    등록일 24/12/09","['Python', 'C++', 'Java', '솔루션', '빅데이터 외                    등록일 24/12/09']"
플러거,마켓빌리 JAVA / DBA / TA / AA / PYTHON Recruitment,https://www.saramin.co.kr/zf_user/jobs/relay/view?view_type=search&rec_idx=49463011&location=ts&searchword=python&searchType=search&paid_fl=n&search_uuid=d4c7d12e-8be0-4d8a-bcb2-c328933c9775,서울 강남구,인기있는,~ 12/25(수),"Python, Java, AWS, DBA, SI개발 외                    등록일 24/11/25","['Python', 'Java', 'AWS', 'DBA', 'SI개발 외                    등록일 24/11/25']"
(주)코레이즈홀딩스,[코레이즈]  Python (Flask) 웹 개발자 채용 (신입-보충역),https://www.saramin.co.kr/zf_user/jobs/relay/view?view_type=search&rec_idx=49537488&location=ts&searchword=python&searchType=search&paid_fl=n&search_uuid=d4c7d12e-8be0-4d8a-bcb2-c328933c9775,서울 성동구,급성장중,~ 01/04(토),"Python, 솔루션, Linux, 웹개발, 백엔드/서버개발 외                    등록일 24/12/05","['Python', '솔루션', 'Linux', '웹개발', '백엔드/서버개발 외                    등록일 24/12/05']"
행복쇼핑(주),[재택근무] REACT · PHP · PYTHON 개발자 모집,https://www.saramin.co.kr/zf_user/jobs/relay/view?view_type=search&rec_idx=49476675&location=ts&searchword=python&searchType=search&paid_fl=n&search_uuid=d4c7d12e-8be0-4d8a-bcb2-c328933c9775,서울 양천구,재택근무,~ 01/25(토),"Python, 딥러닝, 솔루션, AWS, 머신러닝 외                    수정일 24/12/13","['Python', '딥러닝', '솔루션', 'AWS', '머신러닝 외                    수정일 24/12/13']"
(주)꿈선생,"[DealMakers] BE, Python Software Engineer 모집",https://www.saramin.co.kr/zf_user/jobs/relay/view?view_type=search&rec_idx=49535457&location=ts&searchword=python&searchType=search&paid_fl=n&search_uuid=d4c7d12e-8be0-4d8a-bcb2-c328933c9775,부산 남구,성과급/상여금,~ 01/04(토),"Python, C++, Java, 딥러닝, 머신러닝 외                    수정일 24/12/05","['Python', 'C++', 'Java', '딥러닝', '머신러닝 외                    수정일 24/12/05']"
(주)케이엘피,파이썬(Python) 크롤링 가능하신분 구합니다.,https://www.saramin.co.kr/zf_user/jobs/relay/view?view_type=search&rec_idx=49576535&location=ts&searchword=python&searchType=search&paid_fl=n&search_uuid=d4c7d12e-8be0-4d8a-bcb2-c328933c9775,서울 강남구,급성장중,~ 12/15(일),"Python, AWS, Linux, 웹개발, 백엔드/서버개발 외                    등록일 24/12/12","['Python', 'AWS', 'Linux', '웹개발', '백엔드/서버개발 외                    등록일 24/12/12']"
(주)만들다컴퍼니,"지속 성장가능한 개발 인력 모집-Flutter,Python,JAVA,재택가능",https://www.saramin.co.kr/zf_user/jobs/relay/view?view_type=search&rec_idx=49472340&location=ts&searchword=python&searchType=search&paid_fl=n&search_uuid=d4c7d12e-8be0-4d8a-bcb2-c328933c9775,경기 안양시 동안구,인기있는,채용시,"Python, Java, 웹개발, 백엔드/서버개발, 앱개발 외                    수정일 24/12/13","['Python', 'Java', '웹개발', '백엔드/서버개발', '앱개발 외                    수정일 24/12/13']"
(주)파이오링크,"[코스닥상장사] L4-L7 스위치 개발 Linux,Python,C(신입/경력)",https://www.saramin.co.kr/zf_user/jobs/relay/view?view_type=search&rec_idx=49403967&location=ts&searchword=python&searchType=search&paid_fl=n&search_uuid=d4c7d12e-8be0-4d8a-bcb2-c328933c9775,서울 금천구,연봉상승률 10% 이상,내일마감,"Python, C++, 솔루션, Linux, 빅데이터 외                    수정일 24/11/27","['Python', 'C++', '솔루션', 'Linux', '빅데이터 외                    수정일 24/11/27']"
(주)엑스오비스,Python 개발 연구원 채용,https://www.saramin.co.kr/zf_user/jobs/relay/view?view_type=search&rec_idx=49568625&location=ts&searchword=python&searchType=search&paid_fl=n&search_uuid=d4c7d12e-8be0-4d8a-bcb2-c328933c9775,서울 강남구,취업축하금,~ 01/09(목),"Python, 딥러닝, 솔루션, 머신러닝, 빅데이터 외                    등록일 24/12/11","['Python', '딥러닝', '솔루션', '머신러닝', '빅데이터 외                    등록일 24/12/11']"
(주)엘리스그룹,백엔드 엔지니어 (Python) 채용,https://www.saramin.co.kr/zf_user/jobs/relay/view?view_type=search&rec_idx=49576848&location=ts&searchword=python&searchType=search&paid_fl=n&search_uuid=d4c7d12e-8be0-4d8a-bcb2-c328933c9775,서울 강남구,취업축하금,~ 01/11(토),"Python, Java, Linux, 백엔드/서버개발, RDBMS 외                    수정일 24/12/13","['Python', 'Java', 'Linux', '백엔드/서버개발', 'RDBMS 외                    수정일 24/12/13']"
(주)사람인에이치에스,[강남/5000천이상] 플랫폼 백엔드 개발 (Python) 정규직,https://www.saramin.co.kr/zf_user/jobs/relay/view?view_type=search&rec_idx=49429895&location=ts&searchword=python&searchType=search&paid_fl=n&search_uuid=d4c7d12e-8be0-4d8a-bcb2-c328933c9775,서울 강남구,,채용시,"Python, 솔루션, AWS, 빅데이터, 웹개발 외                    수정일 24/12/13","['Python', '솔루션', 'AWS', '빅데이터', '웹개발 외                    수정일 24/12/13']"
아일리스프런티어(주),AI 서비스 - 자연어처리(NLP)/Python 엔진 개발 (추가 채용),https://www.saramin.co.kr/zf_user/jobs/relay/view?view_type=search&rec_idx=49394122&location=ts&searchword=python&searchType=search&paid_fl=n&search_uuid=d4c7d12e-8be0-4d8a-bcb2-c328933c9775,서울 종로구,연봉상승률 20% 이상,채용시,"Python, 딥러닝, 머신러닝, 백엔드/서버개발, 알고리즘 외                    수정일 24/11/13","['Python', '딥러닝', '머신러닝', '백엔드/서버개발', '알고리즘 외                    수정일 24/11/13']"
아일리스프런티어(주),AI 서비스 - 자연어처리 (NLP) / Python 엔진 개발 (추가 채용),https://www.saramin.co.kr/zf_user/jobs/relay/view?view_type=search&rec_idx=49565317&location=ts&searchword=python&searchType=search&paid_fl=n&search_uuid=d4c7d12e-8be0-4d8a-bcb2-c328933c9775,서울 종로구,취업축하금,~ 01/08(수),"Python, 딥러닝, 머신러닝, 빅데이터, 웹개발 외                    등록일 24/12/10","['Python', '딥러닝', '머신러닝', '빅데이터', '웹개발 외                    등록일 24/12/10']"
(주)링크제니시스,차량용 S/W Test 자동화 검증(Python),https://www.saramin.co.kr/zf_user/jobs/relay/view?view_type=search&rec_idx=49409574&location=ts&searchword=python&searchType=search&paid_fl=n&search_uuid=d4c7d12e-8be0-4d8a-bcb2-c328933c9775,인천 서구,프리한 복장,~ 01/14(화),"Python, C++, Java, QA/테스터, S/W 외                    등록일 24/11/15","['Python', 'C++', 'Java', 'QA/테스터', 'S/W 외                    등록일 24/11/15']"
(주)데이터다이나믹스,정규 Python/Data Engineer (신입/경력) 채용,https://www.saramin.co.kr/zf_user/jobs/relay/view?view_type=search&rec_idx=49461161&location=ts&searchword=python&searchType=search&paid_fl=n&search_uuid=d4c7d12e-8be0-4d8a-bcb2-c328933c9775,경기 용인시 수지구,급성장중,~ 12/25(수),"Python, AWS, Linux, 빅데이터, 클라우드 외                    등록일 24/11/25","['Python', 'AWS', 'Linux', '빅데이터', '클라우드 외                    등록일 24/11/25']"
(주)니트머스,"[신입/경력] 온라인 광고 플랫폼 개발 (Python, Django)",https://www.saramin.co.kr/zf_user/jobs/relay/view?view_type=search&rec_idx=49214740&location=ts&searchword=python&searchType=search&paid_fl=n&search_uuid=d4c7d12e-8be0-4d8a-bcb2-c328933c9775,서울 영등포구,IT개발·데이터 스크랩 급상승,~ 12/16(월),"Python, 웹개발, 백엔드/서버개발, S/W, Django 외                    수정일 24/11/22","['Python', '웹개발', '백엔드/서버개발', 'S/W', 'Django 외                    수정일 24/11/22']"
(주)판도라티비,"코박(Cobak) 백엔드 개발자 [3년 이상](Python,Django)",https://www.saramin.co.kr/zf_user/jobs/relay/view?view_type=search&rec_idx=49521064&location=ts&searchword=python&searchType=search&paid_fl=n&search_uuid=d4c7d12e-8be0-4d8a-bcb2-c328933c9775,경기전체,취업축하금,~ 01/01(수),"Python, AWS, 웹개발, 백엔드/서버개발, Django 외                    등록일 24/12/03","['Python', 'AWS', '웹개발', '백엔드/서버개발', 'Django 외                    등록일 24/12/03']"
(주)씨에스엠17,NestJS+Python 백엔드 개발자 팀장 채용,https://www.saramin.co.kr/zf_user/jobs/relay/view?view_type=search&rec_idx=49527589&location=ts&searchword=python&searchType=search&paid_fl=n&search_uuid=d4c7d12e-8be0-4d8a-bcb2-c328933c9775,서울 금천구,취업축하금,~ 01/02(목),"Python, C++, AWS, 웹개발, 백엔드/서버개발 외                    수정일 24/12/04","['Python', 'C++', 'AWS', '웹개발', '백엔드/서버개발 외                    수정일 24/12/04']"
올거나이즈코리아(주),Python Back-end Engineer,https://www.saramin.co.kr/zf_user/jobs/relay/view?view_type=search&rec_idx=49555065&location=ts&searchword=python&searchType=search&paid_fl=n&search_uuid=d4c7d12e-8be0-4d8a-bcb2-c328933c9775,서울 강남구,취업축하금,~ 01/07(화),"Python, 딥러닝, AWS, 머신러닝, 웹개발 외                    등록일 24/12/09","['Python', '딥러닝', 'AWS', '머신러닝', '웹개발 외                    등록일 24/12/09']"
(주)크립토랩,소프트웨어 엔지니어 인턴 모집 (Python),https://www.saramin.co.kr/zf_user/jobs/relay/view?view_type=search&rec_idx=49435007&location=ts&searchword=python&searchType=search&paid_fl=n&search_uuid=d4c7d12e-8be0-4d8a-bcb2-c328933c9775,서울 관악구,시리즈A 투자유치,~ 12/31(화),"Python, 머신러닝, Linux, S/W, SDK 외                    수정일 24/11/20","['Python', '머신러닝', 'Linux', 'S/W', 'SDK 외                    수정일 24/11/20']"
(주)디지키,(주)디지키 Python 데이터 처리 및 분석 프로그램 개발자 모집,https://www.saramin.co.kr/zf_user/jobs/relay/view?view_type=search&rec_idx=49265971&location=ts&searchword=python&searchType=search&paid_fl=n&search_uuid=d4c7d12e-8be0-4d8a-bcb2-c328933c9775,경기 안양시 만안구,급성장중,상시채용,"Python, 알고리즘, Pandas, 솔루션업체, 소프트웨어개발 등록일 24/10/24","['Python', '알고리즘', 'Pandas', '솔루션업체', '소프트웨어개발 등록일 24/10/24']"
(주)한국미용데이터,"파이썬(Python, AWS) 경력 개발자 채용",https://www.saramin.co.kr/zf_user/jobs/relay/view?view_type=search&rec_idx=49505260&location=ts&searchword=python&searchType=search&paid_fl=n&search_uuid=d4c7d12e-8be0-4d8a-bcb2-c328933c9775,서울 관악구,급성장중,~ 01/01(수),"Python, 솔루션, AWS, 웹개발, 백엔드/서버개발 외                    등록일 24/12/02","['Python', '솔루션', 'AWS', '웹개발', '백엔드/서버개발 외                    등록일 24/12/02']"
NIMBYX CAPITAL INC.,"Full Stack Engineer (Python, C# Developer) 풀스택 개발자",https://www.saramin.co.kr/zf_user/jobs/relay/view?view_type=search&rec_idx=49448256&location=ts&searchword=python&searchType=search&paid_fl=n&search_uuid=d4c7d12e-8be0-4d8a-bcb2-c328933c9775,서울 강남구,재택근무,~ 01/20(월),"Python, C++, ASP, ASP.NET, Azure 외                    등록일 24/11/21","['Python', 'C++', 'ASP', 'ASP.NET', 'Azure 외                    등록일 24/11/21']"
주식회사비전코어,파이썬(Python) 및 앱(ios/안드로이드) 개발자 모집,https://www.saramin.co.kr/zf_user/jobs/relay/view?view_type=search&rec_idx=49490854&location=ts&searchword=python&searchType=search&paid_fl=n&search_uuid=d4c7d12e-8be0-4d8a-bcb2-c328933c9775,대구 동구,프리한 복장,~ 12/28(토),"Python, 솔루션, iOS, 소프트웨어개발 수정일 24/12/09","['Python', '솔루션', 'iOS', '소프트웨어개발 수정일 24/12/09']"
주식회사비전코어,파이썬(Python) 및 앱(ios/안드로이드) 개발자 모집중,https://www.saramin.co.kr/zf_user/jobs/relay/view?view_type=search&rec_idx=49580425&location=ts&searchword=python&searchType=search&paid_fl=n&search_uuid=d4c7d12e-8be0-4d8a-bcb2-c328933c9775,대구 동구,프리한 복장,~ 12/31(화),"Python, 솔루션, iOS, 소프트웨어개발 수정일 24/12/12","['Python', '솔루션', 'iOS', '소프트웨어개발 수정일 24/12/12']"
(주)기가스,"[경력] Payment Service 개발팀 백엔드/Python,Django 정규직",https://www.saramin.co.kr/zf_user/jobs/relay/view?view_type=search&rec_idx=49217419&location=ts&searchword=python&searchType=search&paid_fl=n&search_uuid=d4c7d12e-8be0-4d8a-bcb2-c328933c9775,대구 수성구,자유로운 연차,~ 12/16(월),"Python, 솔루션, 웹개발, 백엔드/서버개발, Django 외                    수정일 24/10/31","['Python', '솔루션', '웹개발', '백엔드/서버개발', 'Django 외                    수정일 24/10/31']"
(주)케이텍,"프로그램 개발자 모집(Machine Vision, AI(Python), C, C#, C++)",https://www.saramin.co.kr/zf_user/jobs/relay/view?view_type=search&rec_idx=49335167&location=ts&searchword=python&searchType=search&paid_fl=n&search_uuid=d4c7d12e-8be0-4d8a-bcb2-c328933c9775,경북 포항시 남구,연봉상승률 15% 이상,상시채용,"Python, C++, SE(시스템엔지니어), SI개발, 알고리즘 외                    수정일 24/12/03","['Python', 'C++', 'SE(시스템엔지니어)', 'SI개발', '알고리즘 외                    수정일 24/12/03']"
오에스원(OS1),[웹개발] Python 백엔드/서버 인턴 개발자 채용 (ASAP),https://www.saramin.co.kr/zf_user/jobs/relay/view?view_type=search&rec_idx=49486631&location=ts&searchword=python&searchType=search&paid_fl=n&search_uuid=d4c7d12e-8be0-4d8a-bcb2-c328933c9775,서울 중구,인기있는,채용시,"Python, 웹개발, 백엔드/서버개발, API, Pandas 외                    등록일 24/11/28","['Python', '웹개발', '백엔드/서버개발', 'API', 'Pandas 외                    등록일 24/11/28']"
씨맥스주식회사,"[AI개발]Python,Java,사내 LLM 구축 숙련 개발자 구인[프리O]",https://www.saramin.co.kr/zf_user/jobs/relay/view?view_type=search&rec_idx=49532014&location=ts&searchword=python&searchType=search&paid_fl=n&search_uuid=d4c7d12e-8be0-4d8a-bcb2-c328933c9775,경기 성남시 분당구,,~ 01/04(토),"Python, Java, 머신러닝, 웹개발, 백엔드/서버개발 외                    수정일 24/12/06","['Python', 'Java', '머신러닝', '웹개발', '백엔드/서버개발 외                    수정일 24/12/06']"
(주)미니레코드,Python 개발자,https://www.saramin.co.kr/zf_user/jobs/relay/view?view_type=search&rec_idx=49524352&location=ts&searchword=python&searchType=search&paid_fl=n&search_uuid=d4c7d12e-8be0-4d8a-bcb2-c328933c9775,서울전체,취업축하금,~ 01/02(목),"Python, 딥러닝, AWS, 머신러닝, 웹개발 외                    등록일 24/12/04","['Python', '딥러닝', 'AWS', '머신러닝', '웹개발 외                    등록일 24/12/04']"
사이테크놀로지스(주),C와 Python 개발을 담당할 분을 구합니다,https://www.saramin.co.kr/zf_user/jobs/relay/view?view_type=search&rec_idx=49534074&location=ts&searchword=python&searchType=search&paid_fl=n&search_uuid=d4c7d12e-8be0-4d8a-bcb2-c328933c9775,대전 대덕구,급성장중,~ 01/04(토),"Python, 개발PM, 임베디드, 하드웨어 등록일 24/12/05","['Python', '개발PM', '임베디드', '하드웨어 등록일 24/12/05']"
(주)이노룰스,"[AI디지털플랫폼팀] 웹개발자(Python, React, 경력 5년 이상) 경력직 채용",https://www.saramin.co.kr/zf_user/jobs/relay/view?view_type=search&rec_idx=49406482&location=ts&searchword=python&searchType=search&paid_fl=n&search_uuid=d4c7d12e-8be0-4d8a-bcb2-c328933c9775,서울전체,취업축하금,~ 12/17(화),"Python, 솔루션, 머신러닝, 웹개발, 백엔드/서버개발 외                    등록일 24/11/15","['Python', '솔루션', '머신러닝', '웹개발', '백엔드/서버개발 외                    등록일 24/11/15']"
(주)파이오링크,"[코스닥상장사] 전문연구요원(병역특례)모집 Linux,Python,C",https://www.saramin.co.kr/zf_user/jobs/relay/view?view_type=search&rec_idx=49434190&location=ts&searchword=python&searchType=search&paid_fl=n&search_uuid=d4c7d12e-8be0-4d8a-bcb2-c328933c9775,서울 금천구,연봉상승률 10% 이상,~ 12/20(금),"Python, C++, 솔루션, Linux, 빅데이터 외                    등록일 24/11/20","['Python', 'C++', '솔루션', 'Linux', '빅데이터 외                    등록일 24/11/20']"
(주)한영넉스,한영넉스 AI연구소 - Python 어플리케이션 개발자 채용,https://www.saramin.co.kr/zf_user/jobs/relay/view?view_type=search&rec_idx=49564746&location=ts&searchword=python&searchType=search&paid_fl=n&search_uuid=d4c7d12e-8be0-4d8a-bcb2-c328933c9775,서울 영등포구,,~ 01/09(목),"Python, C++, Linux, Windows, 임베디드리눅스 외                    수정일 24/12/10","['Python', 'C++', 'Linux', 'Windows', '임베디드리눅스 외                    수정일 24/12/10']"
에스트래픽(주),에스트래픽 Python 개발자 모집 (경력),https://www.saramin.co.kr/zf_user/jobs/relay/view?view_type=search&rec_idx=49416273&location=ts&searchword=python&searchType=search&paid_fl=n&search_uuid=d4c7d12e-8be0-4d8a-bcb2-c328933c9775,경기 성남시 수정구,마감임박,~ 12/15(일),"Python, 백엔드/서버개발, SI개발, Git, Redis 외                    수정일 24/12/05","['Python', '백엔드/서버개발', 'SI개발', 'Git', 'Redis 외                    수정일 24/12/05']"
(주)엑스오비스,Python 개발 연구원 채용,https://www.saramin.co.kr/zf_user/jobs/relay/view?view_type=search&rec_idx=49200418&location=ts&searchword=python&searchType=search&paid_fl=n&search_uuid=f0b1dfdd-913c-458a-b2aa-06c8b9e6b706,서울 강남구,급성장중,내일마감,"Python, 솔루션, S/W, Pytorch, Tensorflow 외                    등록일 24/10/15","['Python', '솔루션', 'S/W', 'Pytorch', 'Tensorflow 외                    등록일 24/10/15']"
에이치에스소프트(주),Python개발자 채용(경력),https://www.saramin.co.kr/zf_user/jobs/relay/view?view_type=search&rec_idx=49478598&location=ts&searchword=python&searchType=search&paid_fl=n&search_uuid=f0b1dfdd-913c-458a-b2aa-06c8b9e6b706,인천 연수구,연봉상승률 30% 이상,~ 12/16(월),"Python, 솔루션, 알고리즘, AI(인공지능), OpenCV 외                    등록일 24/11/27","['Python', '솔루션', '알고리즘', 'AI(인공지능)', 'OpenCV 외                    등록일 24/11/27']"
(주)애드크림,국내 광고 포털 유지 보수 및 신규 서비스 개발 (Python),https://www.saramin.co.kr/zf_user/jobs/relay/view?view_type=search&rec_idx=49421817&location=ts&searchword=python&searchType=search&paid_fl=n&search_uuid=f0b1dfdd-913c-458a-b2aa-06c8b9e6b706,서울 강남구,,~ 12/31(화),"Python, 웹개발, 백엔드/서버개발, API, ASP 외                    등록일 24/11/18","['Python', '웹개발', '백엔드/서버개발', 'API', 'ASP 외                    등록일 24/11/18']"
알엔에이애널리틱스(주),[RNA] Full Stack Python Developer 채용공고,https://www.saramin.co.kr/zf_user/jobs/relay/view?view_type=search&rec_idx=49393082&location=ts&searchword=python&searchType=search&paid_fl=n&search_uuid=f0b1dfdd-913c-458a-b2aa-06c8b9e6b706,서울 종로구,평균연봉 상위 10%,오늘마감,"Python, AWS, 웹개발, 백엔드/서버개발, 앱개발 외                    등록일 24/11/13","['Python', 'AWS', '웹개발', '백엔드/서버개발', '앱개발 외                    등록일 24/11/13']"
(주)코레이즈홀딩스,[코레이즈]  Python (Flask) 웹 개발자 채용 (경력),https://www.saramin.co.kr/zf_user/jobs/relay/view?view_type=search&rec_idx=49537495&location=ts&searchword=python&searchType=search&paid_fl=n&search_uuid=f0b1dfdd-913c-458a-b2aa-06c8b9e6b706,서울 성동구,급성장중,~ 01/04(토),"Python, 솔루션, Linux, 웹개발, 백엔드/서버개발 외                    등록일 24/12/05","['Python', '솔루션', 'Linux', '웹개발', '백엔드/서버개발 외                    등록일 24/12/05']"
(주)링크제니시스,차량용 S/W Test 자동화 개발(Python),https://www.saramin.co.kr/zf_user/jobs/relay/view?view_type=search&rec_idx=49197247&location=ts&searchword=python&searchType=search&paid_fl=n&search_uuid=f0b1dfdd-913c-458a-b2aa-06c8b9e6b706,인천 서구,프리한 복장,채용시,"Python, C++, Java, S/W, 솔루션업체 외                    등록일 24/10/15","['Python', 'C++', 'Java', 'S/W', '솔루션업체 외                    등록일 24/10/15']"
(주)뷰엠테크놀로지,"임베디드(C++, Python) 소프트개발자모집",https://www.saramin.co.kr/zf_user/jobs/relay/view?view_type=search&rec_idx=49533258&location=ts&searchword=python&searchType=search&paid_fl=n&search_uuid=f0b1dfdd-913c-458a-b2aa-06c8b9e6b706,경기 군포시,성과급/상여금,오늘마감,"Python, C++, Java, Linux, 임베디드 외                    등록일 24/12/05","['Python', 'C++', 'Java', 'Linux', '임베디드 외                    등록일 24/12/05']"
(주)파운트,[파운트/핀테크] 백엔드 개발자(Python/리드급),https://www.saramin.co.kr/zf_user/jobs/relay/view?view_type=search&rec_idx=49497052&location=ts&searchword=python&searchType=search&paid_fl=n&search_uuid=f0b1dfdd-913c-458a-b2aa-06c8b9e6b706,서울 중구,취업축하금,~ 12/30(월),"Python, AWS, 빅데이터, 웹개발, 백엔드/서버개발 외                    등록일 24/11/29","['Python', 'AWS', '빅데이터', '웹개발', '백엔드/서버개발 외                    등록일 24/11/29']"
(주)바로팜,백엔드 개발자 (Python),https://www.saramin.co.kr/zf_user/jobs/relay/view?view_type=search&rec_idx=49464566&location=ts&searchword=python&searchType=search&paid_fl=n&search_uuid=f0b1dfdd-913c-458a-b2aa-06c8b9e6b706,서울 강남구,취업축하금,~ 12/30(월),"Python, AWS, 웹개발, 백엔드/서버개발, 인프라 외                    등록일 24/11/25","['Python', 'AWS', '웹개발', '백엔드/서버개발', '인프라 외                    등록일 24/11/25']"
(주)케파스,국가연구과제 SI 개발자 모집(Java/Python/React/SpringBoot),https://www.saramin.co.kr/zf_user/jobs/relay/view?view_type=search&rec_idx=49550993&location=ts&searchword=python&searchType=search&paid_fl=n&search_uuid=f0b1dfdd-913c-458a-b2aa-06c8b9e6b706,서울 강남구,IT개발·데이터 지원 급상승,~ 02/07(금),"Python, Java, 웹개발, Javascript, React 외                    등록일 24/12/09","['Python', 'Java', '웹개발', 'Javascript', 'React 외                    등록일 24/12/09']"
(주)에이젠글로벌,Python BackEnd Developer,https://www.saramin.co.kr/zf_user/jobs/relay/view?view_type=search&rec_idx=49436228&location=ts&searchword=python&searchType=search&paid_fl=n&search_uuid=f0b1dfdd-913c-458a-b2aa-06c8b9e6b706,서울전체,취업축하금,~ 12/20(금),"Python, AWS, 머신러닝, 웹개발, 백엔드/서버개발 외                    등록일 24/11/20","['Python', 'AWS', '머신러닝', '웹개발', '백엔드/서버개발 외                    등록일 24/11/20']"
리걸테크(주),"웹개발자(Python, DJango)",https://www.saramin.co.kr/zf_user/jobs/relay/view?view_type=search&rec_idx=49466077&location=ts&searchword=python&searchType=search&paid_fl=n&search_uuid=f0b1dfdd-913c-458a-b2aa-06c8b9e6b706,서울 성동구,취업축하금,~ 12/30(월),"Python, 웹개발, 백엔드/서버개발, 블록체인, Django 외                    등록일 24/11/25","['Python', '웹개발', '백엔드/서버개발', '블록체인', 'Django 외                    등록일 24/11/25']"
(주)비비파트너스,"C#,C++,Python 프로그래머 모집(판교)",https://www.saramin.co.kr/zf_user/jobs/relay/view?view_type=search&rec_idx=49528517&location=ts&searchword=python&searchType=search&paid_fl=n&search_uuid=f0b1dfdd-913c-458a-b2aa-06c8b9e6b706,경기 성남시 분당구,,~ 01/03(금),"Python, C++, 솔루션, 머신러닝, 데이터분석가 외                    등록일 24/12/04","['Python', 'C++', '솔루션', '머신러닝', '데이터분석가 외                    등록일 24/12/04']"
(주)씨에스엠17,[개발팀]NestJS+Python 백엔드 팀장 채용,https://www.saramin.co.kr/zf_user/jobs/relay/view?view_type=search&rec_idx=49517378&location=ts&searchword=python&searchType=search&paid_fl=n&search_uuid=f0b1dfdd-913c-458a-b2aa-06c8b9e6b706,서울 금천구,연봉상승률 20% 이상,~ 01/02(목),"Python, Java, AWS, 백엔드/서버개발, GCP 외                    등록일 24/12/03","['Python', 'Java', 'AWS', '백엔드/서버개발', 'GCP 외                    등록일 24/12/03']"
(주)제이투이,[Python SI 판교] 문서 비교 시스템 개선   (3),https://www.saramin.co.kr/zf_user/jobs/relay/view?view_type=search&rec_idx=49498551&location=ts&searchword=python&searchType=search&paid_fl=n&search_uuid=f0b1dfdd-913c-458a-b2aa-06c8b9e6b706,경기 성남시 분당구,,~ 12/29(일),"Python, AWS, 웹개발, Django, PostgreSQL 외                    수정일 24/11/29","['Python', 'AWS', '웹개발', 'Django', 'PostgreSQL 외                    수정일 24/11/29']"
(주)제이투이,[Python SI 수원] 차세대 SCM 프로젝트 (2),https://www.saramin.co.kr/zf_user/jobs/relay/view?view_type=search&rec_idx=49562796&location=ts&searchword=python&searchType=search&paid_fl=n&search_uuid=f0b1dfdd-913c-458a-b2aa-06c8b9e6b706,경기 수원시 권선구,,~ 01/09(목),"Python, AWS, Pandas, SCM, Lambda 외                    수정일 24/12/10","['Python', 'AWS', 'Pandas', 'SCM', 'Lambda 외                    수정일 24/12/10']"
(주)스카우트파트너스,데이터사이언티스트(AI.ML.딥러닝.대용량데이터.SQL.Python),https://www.saramin.co.kr/zf_user/jobs/relay/view?view_type=search&rec_idx=49581083&location=ts&searchword=python&searchType=search&paid_fl=n&search_uuid=f0b1dfdd-913c-458a-b2aa-06c8b9e6b706,서울 강남구,성과급/상여금,~ 01/11(토),"Python, 딥러닝, 머신러닝, 빅데이터, 데이터분석가 외                    수정일 24/12/12","['Python', '딥러닝', '머신러닝', '빅데이터', '데이터분석가 외                    수정일 24/12/12']"
(주)케이엘피,파이썬(Python) 기반의 풀스택 개발자 모십니다.,https://www.saramin.co.kr/zf_user/jobs/relay/view?view_type=search&rec_idx=49576548&location=ts&searchword=python&searchType=search&paid_fl=n&search_uuid=f0b1dfdd-913c-458a-b2aa-06c8b9e6b706,서울 강남구,급성장중,~ 12/15(일),"Python, AWS, 백엔드/서버개발, 유지보수, 프론트엔드 외                    등록일 24/12/12","['Python', 'AWS', '백엔드/서버개발', '유지보수', '프론트엔드 외                    등록일 24/12/12']"
주식회사비전코어,파이썬(Python) 및 앱(ios/안드로이드) 개발자,https://www.saramin.co.kr/zf_user/jobs/relay/view?view_type=search&rec_idx=49396874&location=ts&searchword=python&searchType=search&paid_fl=n&search_uuid=f0b1dfdd-913c-458a-b2aa-06c8b9e6b706,대구 동구,,~ 12/17(화),"Python, 솔루션, 정보보안, 정보통신, iOS 외                    수정일 24/11/27","['Python', '솔루션', '정보보안', '정보통신', 'iOS 외                    수정일 24/11/27']"
조베이스(주),[솔루션] 백엔드 경력 개발자 모집(python),https://www.saramin.co.kr/zf_user/jobs/relay/view?view_type=search&rec_idx=49394729&location=ts&searchword=python&searchType=search&paid_fl=n&search_uuid=f0b1dfdd-913c-458a-b2aa-06c8b9e6b706,서울 강남구,급성장중,오늘마감,"Python, C++, Java, 솔루션, 빅데이터 외                    등록일 24/11/13","['Python', 'C++', 'Java', '솔루션', '빅데이터 외                    등록일 24/11/13']"
화랑,Vision/MFC/C# Python Tensorflow CUDA yolo v8 개발직,https://www.saramin.co.kr/zf_user/jobs/relay/view?view_type=search&rec_idx=49360095&location=ts&searchword=python&searchType=search&paid_fl=n&search_uuid=f0b1dfdd-913c-458a-b2aa-06c8b9e6b706,충남 천안시 동남구,점심지원,~ 01/07(화),"Python, C++, 솔루션, DBMS, S/W 외                    등록일 24/11/08","['Python', 'C++', '솔루션', 'DBMS', 'S/W 외                    등록일 24/11/08']"
(주)도로시,[(주)도로시] QGIS 플러그인 파이썬(Python) 개발자 모집,https://www.saramin.co.kr/zf_user/jobs/relay/view?view_type=search&rec_idx=49326427&location=ts&searchword=python&searchType=search&paid_fl=n&search_uuid=f0b1dfdd-913c-458a-b2aa-06c8b9e6b706,서울 금천구,급성장중,채용시,"Python, 웹개발, PostgreSQL, QGIS, 플러그인 외                    수정일 24/12/09","['Python', '웹개발', 'PostgreSQL', 'QGIS', '플러그인 외                    수정일 24/12/09']"
(주)스톤빌드,Python을 이용한 Data Migration,https://www.saramin.co.kr/zf_user/jobs/relay/view?view_type=search&rec_idx=49553421&location=ts&searchword=python&searchType=search&paid_fl=n&search_uuid=f0b1dfdd-913c-458a-b2aa-06c8b9e6b706,서울 강서구,,~ 12/20(금),"Python, 데이터엔지니어, OracleDB, PostgreSQL, SQL 외                    등록일 24/12/09","['Python', '데이터엔지니어', 'OracleDB', 'PostgreSQL', 'SQL 외                    등록일 24/12/09']"
코리아써치,AI 솔루션 백엔드(Python) 개발자 채용,https://www.saramin.co.kr/zf_user/jobs/relay/view?view_type=search&rec_idx=49581585&location=ts&searchword=python&searchType=search&paid_fl=n&search_uuid=f0b1dfdd-913c-458a-b2aa-06c8b9e6b706,서울 송파구,오늘 뜬,~ 01/12(일),"Python, 딥러닝, 솔루션, 머신러닝, AI(인공지능) 외                    등록일 24/12/13","['Python', '딥러닝', '솔루션', '머신러닝', 'AI(인공지능) 외                    등록일 24/12/13']"
(주)미니레코드,(주식회사 미니레코드) Python 개발자 채용,https://www.saramin.co.kr/zf_user/jobs/relay/view?view_type=search&rec_idx=49399149&location=ts&searchword=python&searchType=search&paid_fl=n&search_uuid=f0b1dfdd-913c-458a-b2aa-06c8b9e6b706,서울 송파구,급성장중,상시채용,"Python, 딥러닝, AWS, 머신러닝, 유지보수 외                    등록일 24/11/14","['Python', '딥러닝', 'AWS', '머신러닝', '유지보수 외                    등록일 24/11/14']"
(주)데이터트리,[경력AI 개발] Full stack 개발자/React/Python,https://www.saramin.co.kr/zf_user/jobs/relay/view?view_type=search&rec_idx=49458928&location=ts&searchword=python&searchType=search&paid_fl=n&search_uuid=f0b1dfdd-913c-458a-b2aa-06c8b9e6b706,서울 금천구,워라밸,~ 12/24(화),"Python, Java, 솔루션, 머신러닝, 빅데이터 외                    등록일 24/11/24","['Python', 'Java', '솔루션', '머신러닝', '빅데이터 외                    등록일 24/11/24']"
(주)펫박스,Python 백엔드 개발자,https://www.saramin.co.kr/zf_user/jobs/relay/view?view_type=search&rec_idx=49494384&location=ts&searchword=python&searchType=search&paid_fl=n&search_uuid=f0b1dfdd-913c-458a-b2aa-06c8b9e6b706,서울 마포구,취업축하금,~ 12/28(토),"Python, AWS, 웹개발, 백엔드/서버개발, 프론트엔드 외                    등록일 24/11/29","['Python', 'AWS', '웹개발', '백엔드/서버개발', '프론트엔드 외                    등록일 24/11/29']"
(주)뮤즈라이브,Back-End Engineer (Python/Django),https://www.saramin.co.kr/zf_user/jobs/relay/view?view_type=search&rec_idx=49526974&location=ts&searchword=python&searchType=search&paid_fl=n&search_uuid=f0b1dfdd-913c-458a-b2aa-06c8b9e6b706,서울 마포구,취업축하금,~ 01/04(토),"Python, AWS, 웹개발, 백엔드/서버개발, 인프라 외                    등록일 24/12/04","['Python', 'AWS', '웹개발', '백엔드/서버개발', '인프라 외                    등록일 24/12/04']"
(주)미니레코드,Python 개발자 채용 (4~8년차),https://www.saramin.co.kr/zf_user/jobs/relay/view?view_type=search&rec_idx=49524436&location=ts&searchword=python&searchType=search&paid_fl=n&search_uuid=f0b1dfdd-913c-458a-b2aa-06c8b9e6b706,서울전체,취업축하금,~ 01/02(목),"Python, 딥러닝, AWS, 머신러닝, 웹개발 외                    등록일 24/12/04","['Python', '딥러닝', 'AWS', '머신러닝', '웹개발 외                    등록일 24/12/04']"
에이치알포유(주),[IT 솔루션 및 통합서비스 전문기업] 파이썬(Python) 개발자,https://www.saramin.co.kr/zf_user/jobs/relay/view?view_type=search&rec_idx=49546505&location=ts&searchword=python&searchType=search&paid_fl=n&search_uuid=f0b1dfdd-913c-458a-b2aa-06c8b9e6b706,서울 강남구,,오늘마감,"Python, Java, 솔루션, AWS, 데이터엔지니어 외                    등록일 24/12/07","['Python', 'Java', '솔루션', 'AWS', '데이터엔지니어 외                    등록일 24/12/07']"
한단제어기술,"PC 제어프로그래머 (C, C++, C#, Python)",https://www.saramin.co.kr/zf_user/jobs/relay/view?view_type=search&rec_idx=49551891&location=ts&searchword=python&searchType=search&paid_fl=n&search_uuid=f0b1dfdd-913c-458a-b2aa-06c8b9e6b706,경기 안양시 동안구,,~ 01/08(수),"Python, C++, SE(시스템엔지니어), 라즈베리파이, 로봇엔지니어 외                    수정일 24/12/09","['Python', 'C++', 'SE(시스템엔지니어)', '라즈베리파이', '로봇엔지니어 외                    수정일 24/12/09']"
(주)버블콘,(주)버블콘 백엔드 개발 PL/PM (Python) 경력직 채용,https://www.saramin.co.kr/zf_user/jobs/relay/view?view_type=search&rec_idx=49506728&location=ts&searchword=python&searchType=search&paid_fl=n&search_uuid=f0b1dfdd-913c-458a-b2aa-06c8b9e6b706,서울 구로구,워라밸,~ 01/01(수),"Python, 솔루션업체 등록일 24/12/02","['Python', '솔루션업체 등록일 24/12/02']"
프라이스원,Python/Django 백엔드 개발자,https://www.saramin.co.kr/zf_user/jobs/relay/view?view_type=search&rec_idx=49540795&location=ts&searchword=python&searchType=search&paid_fl=n&search_uuid=f0b1dfdd-913c-458a-b2aa-06c8b9e6b706,서울 강남구,,~ 02/04(화),"웹개발, 백엔드/서버개발, Django, Docker, MySQL 외                    수정일 24/12/10","['웹개발', '백엔드/서버개발', 'Django', 'Docker', 'MySQL 외                    수정일 24/12/10']"
(주)마루에이치알,"[현대캐피탈/금융기획팀] 데이터분석 및 관리(통계/파이썬,SQL)",https://www.saramin.co.kr/zf_user/jobs/relay/view?view_type=search&rec_idx=49577771&location=ts&searchword=python&searchType=search&paid_fl=n&search_uuid=f0b1dfdd-913c-458a-b2aa-06c8b9e6b706,서울 중구,금융·보험 스크랩 TOP100,~ 01/11(토),"Python, 데이터분석가, 데이터엔지니어, 데이터마이닝, 데이터시각화 외                    수정일 24/12/12","['Python', '데이터분석가', '데이터엔지니어', '데이터마이닝', '데이터시각화 외                    수정일 24/12/12']"
(사)한국아이씨티기술협회,[국비무료IT취업]자바파이썬/웹개발/빅데이터/인공지능,https://www.saramin.co.kr/zf_user/jobs/relay/view?view_type=search&rec_idx=49333137&location=ts&searchword=python&searchType=search&paid_fl=n&search_uuid=f0b1dfdd-913c-458a-b2aa-06c8b9e6b706,서울전체,연봉상승률 30% 이상,~ 12/20(금),"Python, Java, 솔루션, AWS, 빅데이터 외                    수정일 24/12/13","['Python', 'Java', '솔루션', 'AWS', '빅데이터 외                    수정일 24/12/13']"
에이스휴먼파워(주),"[여의도/338만] 한국평가데이터 DB분석 및 컨설팅 (SQL,파이썬)",https://www.saramin.co.kr/zf_user/jobs/relay/view?view_type=search&rec_idx=49521011&location=ts&searchword=python&searchType=search&paid_fl=n&search_uuid=f0b1dfdd-913c-458a-b2aa-06c8b9e6b706,서울 영등포구,인기있는,오늘마감,"Python, Java, 딥러닝, 머신러닝, 빅데이터 외                    등록일 24/12/03","['Python', 'Java', '딥러닝', '머신러닝', '빅데이터 외                    등록일 24/12/03']"
(주)쇼엠,[인천 송도 근무] 파이썬 개발자 사원 채용,https://www.saramin.co.kr/zf_user/jobs/relay/view?view_type=search&rec_idx=49536040&location=ts&searchword=python&searchType=search&paid_fl=n&search_uuid=f0b1dfdd-913c-458a-b2aa-06c8b9e6b706,인천 연수구,인기있는,채용시,"Python, C++, Java, 솔루션, AWS 외                    수정일 24/12/09","['Python', 'C++', 'Java', '솔루션', 'AWS 외                    수정일 24/12/09']"
(주)데이터앤솔루션,"[경력,신입] 파이썬 개발자 정직원 모집(솔루션본부)",https://www.saramin.co.kr/zf_user/jobs/relay/view?view_type=search&rec_idx=49570740&location=ts&searchword=python&searchType=search&paid_fl=n&search_uuid=f0b1dfdd-913c-458a-b2aa-06c8b9e6b706,서울 서초구,,~ 01/10(금),"Python, 알고리즘, Keras, Pytorch, Tensorflow 외                    수정일 24/12/11","['Python', '알고리즘', 'Keras', 'Pytorch', 'Tensorflow 외                    수정일 24/12/11']"
이다웰(주),파이썬 활용가능 데이터 분석가 모집,https://www.saramin.co.kr/zf_user/jobs/relay/view?view_type=search&rec_idx=49501156&location=ts&searchword=python&searchType=search&paid_fl=n&search_uuid=f0b1dfdd-913c-458a-b2aa-06c8b9e6b706,경기 용인시 기흥구,연봉상승률 15% 이상,~ 12/30(월),"데이터분석가, 소프트웨어개발 등록일 24/11/30","['데이터분석가', '소프트웨어개발 등록일 24/11/30']"
(주)아이이에이,대기업 서비스 스벨트/파이썬 개발자 채용,https://www.saramin.co.kr/zf_user/jobs/relay/view?view_type=search&rec_idx=49570494&location=ts&searchword=python&searchType=search&paid_fl=n&search_uuid=f0b1dfdd-913c-458a-b2aa-06c8b9e6b706,서울 강서구,급성장중,~ 01/10(금),"Python, 웹개발, 백엔드/서버개발, SI개발, Javascript 외                    수정일 24/12/11","['Python', '웹개발', '백엔드/서버개발', 'SI개발', 'Javascript 외                    수정일 24/12/11']"
(주)뉴로다임,파이썬 프로그램 개발자,https://www.saramin.co.kr/zf_user/jobs/relay/view?view_type=search&rec_idx=49524064&location=ts&searchword=python&searchType=search&paid_fl=n&search_uuid=7fc19ba3-5153-4a29-9ee1-aebabf3ff2f9,서울 성동구,취업축하금,~ 01/02(목),"Python, Linux, 웹개발, 백엔드/서버개발, SE(시스템엔지니어) 외                    등록일 24/12/04","['Python', 'Linux', '웹개발', '백엔드/서버개발', 'SE(시스템엔지니어) 외                    등록일 24/12/04']"
(주)알로카도스,시니어 파이썬 백엔드 엔지니어 채용,https://www.saramin.co.kr/zf_user/jobs/relay/view?view_type=search&rec_idx=49432001&location=ts&searchword=python&searchType=search&paid_fl=n&search_uuid=7fc19ba3-5153-4a29-9ee1-aebabf3ff2f9,서울 강남구,취업축하금,~ 12/18(수),"Python, AWS, 웹개발, 백엔드/서버개발, SE(시스템엔지니어) 외                    수정일 24/11/19","['Python', 'AWS', '웹개발', '백엔드/서버개발', 'SE(시스템엔지니어) 외                    수정일 24/11/19']"
(주)아이젝스,[(주)아이젝스] Mac Agent 파이썬 개발자 채용 공고,https://www.saramin.co.kr/zf_user/jobs/relay/view?view_type=search&rec_idx=49496037&location=ts&searchword=python&searchType=search&paid_fl=n&search_uuid=7fc19ba3-5153-4a29-9ee1-aebabf3ff2f9,서울 금천구,연봉상승률 10% 이상,~ 12/31(화),"Python, MacOS, 네트워크, 솔루션업체, 소프트웨어개발 등록일 24/11/29","['Python', 'MacOS', '네트워크', '솔루션업체', '소프트웨어개발 등록일 24/11/29']"
(주)댄디테크앤리얼티,"파이썬 개발자 경력직 모집, AI vision 경험자 우대",https://www.saramin.co.kr/zf_user/jobs/relay/view?view_type=search&rec_idx=49501493&location=ts&searchword=python&searchType=search&paid_fl=n&search_uuid=7fc19ba3-5153-4a29-9ee1-aebabf3ff2f9,서울 마포구,급성장중,~ 12/31(화),"Python, 딥러닝, 솔루션, 신경망, 컴퓨터비전 외                    수정일 24/12/01","['Python', '딥러닝', '솔루션', '신경망', '컴퓨터비전 외                    수정일 24/12/01']"
링크루트,[유망 스타트업] [경력] 백엔드 개발자 채용 (파이썬),https://www.saramin.co.kr/zf_user/jobs/relay/view?view_type=search&rec_idx=49236283&location=ts&searchword=python&searchType=search&paid_fl=n&search_uuid=7fc19ba3-5153-4a29-9ee1-aebabf3ff2f9,서울 관악구,재택근무,채용시,"Python, AWS, 백엔드/서버개발, 프론트엔드, Django 외                    등록일 24/10/21","['Python', 'AWS', '백엔드/서버개발', '프론트엔드', 'Django 외                    등록일 24/10/21']"
(주)세종교육,파이썬 개발자 과정 강사 채용,https://www.saramin.co.kr/zf_user/jobs/relay/view?view_type=search&rec_idx=49563510&location=ts&searchword=python&searchType=search&paid_fl=n&search_uuid=7fc19ba3-5153-4a29-9ee1-aebabf3ff2f9,경기 성남시,취업축하금,~ 01/08(수),"보조강사, 파트강사, 학원강사, 학원보조, IT강사 외                    수정일 24/12/10","['보조강사', '파트강사', '학원강사', '학원보조', 'IT강사 외                    수정일 24/12/10']"
(주)더블유컴퓨터아트학원천호점,"IT 프로그래밍, C언어, 파이썬 강사 채용",https://www.saramin.co.kr/zf_user/jobs/relay/view?view_type=search&rec_idx=49586939&location=ts&searchword=python&searchType=search&paid_fl=n&search_uuid=7fc19ba3-5153-4a29-9ee1-aebabf3ff2f9,서울 강동구,오늘 뜬,~ 01/12(일),"학원강사, IT강사, 디자인, IT학원 등록일 24/12/13","['학원강사', 'IT강사', '디자인', 'IT학원 등록일 24/12/13']"
동원컴퓨터학원,"전산회계/세무2급, 파이썬(코딩), 오토캐드 강사 모집",https://www.saramin.co.kr/zf_user/jobs/relay/view?view_type=search&rec_idx=49528716&location=ts&searchword=python&searchType=search&paid_fl=n&search_uuid=7fc19ba3-5153-4a29-9ee1-aebabf3ff2f9,경남 김해시,,~ 12/20(금),"파트강사, 훈련교사, IT강사, 전산회계, 코딩 외                    등록일 24/12/04","['파트강사', '훈련교사', 'IT강사', '전산회계', '코딩 외                    등록일 24/12/04']"
더조은컴퓨터아카데미종로,"[NCS 훈련교사] 빅데이터(파이썬)엘러스틱서치,자바웹 전문강사",https://www.saramin.co.kr/zf_user/jobs/relay/view?view_type=search&rec_idx=49408730&location=ts&searchword=python&searchType=search&paid_fl=n&search_uuid=7fc19ba3-5153-4a29-9ee1-aebabf3ff2f9,서울 종로구,마감임박,~ 12/15(일),"직업훈련, 컴퓨터교육, 훈련교사, IT학원 등록일 24/11/15","['직업훈련', '컴퓨터교육', '훈련교사', 'IT학원 등록일 24/11/15']"
캐논코리아 주식회사,2024년 12월 캐논코리아 신입사원(채용연계형인턴)모집,https://www.saramin.co.kr/zf_user/jobs/relay/view?view_type=search&rec_idx=49524700&location=ts&searchword=python&searchType=search&paid_fl=n&search_uuid=7fc19ba3-5153-4a29-9ee1-aebabf3ff2f9,서울 강남구,건설·건축 지원 TOP100,~ 12/15(일),"Python, C++, Java, 솔루션, Linux 외                    수정일 24/12/05","['Python', 'C++', 'Java', '솔루션', 'Linux 외                    수정일 24/12/05']"
(주)우진플라임,㈜우진플라임 부문별 인재채용,https://www.saramin.co.kr/zf_user/jobs/relay/view?view_type=search&rec_idx=49582494&location=ts&searchword=python&searchType=search&paid_fl=n&search_uuid=7fc19ba3-5153-4a29-9ee1-aebabf3ff2f9,충북 보은군,오늘 뜬,~ 01/11(토),"Python, C++, Java, 웹개발, 게임개발 외                    수정일 24/12/13","['Python', 'C++', 'Java', '웹개발', '게임개발 외                    수정일 24/12/13']"
(주)위즈코리아,㈜위즈코리아/㈜위즈COK '24년 하반기 신입/경력 사원 모집,https://www.saramin.co.kr/zf_user/jobs/relay/view?view_type=search&rec_idx=48464887&location=ts&searchword=python&searchType=search&paid_fl=n&search_uuid=7fc19ba3-5153-4a29-9ee1-aebabf3ff2f9,서울 강서구,디자인 지원 TOP100,~ 12/31(화),"Python, C++, Java, 솔루션, Linux 외                    수정일 24/11/20","['Python', 'C++', 'Java', '솔루션', 'Linux 외                    수정일 24/11/20']"
디아이티(주),2024년 하반기 각 부문별 신입/경력 채용,https://www.saramin.co.kr/zf_user/jobs/relay/view?view_type=search&rec_idx=49563660&location=ts&searchword=python&searchType=search&paid_fl=n&search_uuid=7fc19ba3-5153-4a29-9ee1-aebabf3ff2f9,경기 화성시,생산 지원 TOP100,~ 01/09(목),"Python, C++, Java, 딥러닝, 머신러닝 외                    수정일 24/12/11","['Python', 'C++', 'Java', '딥러닝', '머신러닝 외                    수정일 24/12/11']"
한국전자기술연구원,한국전자기술연구원 전문계약직 연구원 채용 공고,https://www.saramin.co.kr/zf_user/jobs/relay/view?view_type=search&rec_idx=49569138&location=ts&searchword=python&searchType=search&paid_fl=n&search_uuid=7fc19ba3-5153-4a29-9ee1-aebabf3ff2f9,경기 성남시 분당구,생산 스크랩 TOP100,~ 12/17(화),"Python, C++, Java, 딥러닝, 머신러닝 외                    수정일 24/12/11","['Python', 'C++', 'Java', '딥러닝', '머신러닝 외                    수정일 24/12/11']"
엔에이치농협캐피탈(주),2025년 NH농협캐피탈 신규직원[신입·경력] 채용,https://www.saramin.co.kr/zf_user/jobs/relay/view?view_type=search&rec_idx=49523319&location=ts&searchword=python&searchType=search&paid_fl=n&search_uuid=7fc19ba3-5153-4a29-9ee1-aebabf3ff2f9,전국,기획·전략 지원 TOP100,~ 12/16(월),"Python, C++, Java, 웹개발, 데이터분석가 외                    수정일 24/12/05","['Python', 'C++', 'Java', '웹개발', '데이터분석가 외                    수정일 24/12/05']"
메리츠화재해상보험(주),2024년 메리츠화재 하반기 각 부문별 신입/경력 채용,https://www.saramin.co.kr/zf_user/jobs/relay/view?view_type=search&rec_idx=49525317&location=ts&searchword=python&searchType=search&paid_fl=n&search_uuid=7fc19ba3-5153-4a29-9ee1-aebabf3ff2f9,서울전체,회계·세무·재무 지원 TOP100,~ 12/18(수),"Python, Java, Linux, SE(시스템엔지니어), STT 외                    수정일 24/12/05","['Python', 'Java', 'Linux', 'SE(시스템엔지니어)', 'STT 외                    수정일 24/12/05']"
(주)현대퓨처넷,현대퓨처넷 2025년 상반기 각 부문 채용,https://www.saramin.co.kr/zf_user/jobs/relay/view?view_type=search&rec_idx=49571285&location=ts&searchword=python&searchType=search&paid_fl=n&search_uuid=7fc19ba3-5153-4a29-9ee1-aebabf3ff2f9,서울 강남구,기획·전략 지원 TOP100,~ 12/23(월),"Python, C++, Java, AWS, Linux 외                    수정일 24/12/12","['Python', 'C++', 'Java', 'AWS', 'Linux 외                    수정일 24/12/12']"
제닉스(주),제닉스(주) 각 부문별 채용,https://www.saramin.co.kr/zf_user/jobs/relay/view?view_type=search&rec_idx=49562355&location=ts&searchword=python&searchType=search&paid_fl=n&search_uuid=7fc19ba3-5153-4a29-9ee1-aebabf3ff2f9,충남 천안시 서북구,마케팅·홍보·조사 지원 TOP100,~ 12/24(화),"Python, C++, Java, Linux, 기술지원 외                    수정일 24/12/10","['Python', 'C++', 'Java', 'Linux', '기술지원 외                    수정일 24/12/10']"
앰코테크놀로지코리아㈜,2024년 하반기 신입/경력사원 공채,https://www.saramin.co.kr/zf_user/jobs/relay/view?view_type=search&rec_idx=49567318&location=ts&searchword=python&searchType=search&paid_fl=n&search_uuid=7fc19ba3-5153-4a29-9ee1-aebabf3ff2f9,인천 연수구,건설·건축 스크랩 TOP100,~ 12/29(일),"Python, Java, Linux, 데이터엔지니어, 앱개발 외                    수정일 24/12/12","['Python', 'Java', 'Linux', '데이터엔지니어', '앱개발 외                    수정일 24/12/12']"
(주)싸이노스,[삼성반도체 1차 협력사] 사무/연구직 수시 채용,https://www.saramin.co.kr/zf_user/jobs/relay/view?view_type=search&rec_idx=49485390&location=ts&searchword=python&searchType=search&paid_fl=n&search_uuid=7fc19ba3-5153-4a29-9ee1-aebabf3ff2f9,경기 화성시,운전·운송·배송 지원 TOP100,~ 12/31(화),"Python, 데이터분석가, 보안컨설팅, 정보보안, 세무사 외                    수정일 24/12/02","['Python', '데이터분석가', '보안컨설팅', '정보보안', '세무사 외                    수정일 24/12/02']"
(주)영신디엔씨,㈜영신디엔씨 각 부문 신입 및 경력 채용,https://www.saramin.co.kr/zf_user/jobs/relay/view?view_type=search&rec_idx=49534588&location=ts&searchword=python&searchType=search&paid_fl=n&search_uuid=7fc19ba3-5153-4a29-9ee1-aebabf3ff2f9,서울 서초구,건설·건축 스크랩 TOP100,~ 12/18(수),"Python, Java, H/W, S/W, CSS 외                    수정일 24/12/09","['Python', 'Java', 'H/W', 'S/W', 'CSS 외                    수정일 24/12/09']"
(주)비상교육,[주 3일 원격근무] 비상교육 전체직무 상시채용,https://www.saramin.co.kr/zf_user/jobs/relay/view?view_type=search&rec_idx=49509463&location=ts&searchword=python&searchType=search&paid_fl=n&search_uuid=7fc19ba3-5153-4a29-9ee1-aebabf3ff2f9,경기 과천시,디자인 지원 TOP100,~ 12/31(화),"Python, Java, AWS, Linux, 백엔드/서버개발 외                    수정일 24/12/02","['Python', 'Java', 'AWS', 'Linux', '백엔드/서버개발 외                    수정일 24/12/02']"
청오디피케이(주),도미노피자 각 부문(자회사 포함) 공개 채용,https://www.saramin.co.kr/zf_user/jobs/relay/view?view_type=search&rec_idx=49518346&location=ts&searchword=python&searchType=search&paid_fl=n&search_uuid=7fc19ba3-5153-4a29-9ee1-aebabf3ff2f9,서울 강남구,교육 지원 TOP100,~ 12/27(금),"Python, Java, AWS, Linux, 빅데이터 외                    수정일 24/12/04","['Python', 'Java', 'AWS', 'Linux', '빅데이터 외                    수정일 24/12/04']"
(주)케이엘넷,각 부문 신입/경력 채용공고,https://www.saramin.co.kr/zf_user/jobs/relay/view?view_type=search&rec_idx=49529556&location=ts&searchword=python&searchType=search&paid_fl=n&search_uuid=7fc19ba3-5153-4a29-9ee1-aebabf3ff2f9,서울 강남구,상품기획·MD 지원 TOP100,~ 12/16(월),"Python, Java, 빅데이터, 웹개발, 데이터분석가 외                    수정일 24/12/13","['Python', 'Java', '빅데이터', '웹개발', '데이터분석가 외                    수정일 24/12/13']"
(주)미래엔,각 부문 경력사원 채용,https://www.saramin.co.kr/zf_user/jobs/relay/view?view_type=search&rec_idx=49572007&location=ts&searchword=python&searchType=search&paid_fl=n&search_uuid=7fc19ba3-5153-4a29-9ee1-aebabf3ff2f9,서울 서초구,상품기획·MD 지원 TOP100,~ 12/17(화),"Python, Java, 솔루션, AWS, Linux 외                    수정일 24/12/11","['Python', 'Java', '솔루션', 'AWS', 'Linux 외                    수정일 24/12/11']"
(주)위즈코리아,"㈜위즈코리아/㈜위즈COK SE(시스템 엔지니어), PM 채용",https://www.saramin.co.kr/zf_user/jobs/relay/view?view_type=search&rec_idx=49536432&location=ts&searchword=python&searchType=search&paid_fl=n&search_uuid=7fc19ba3-5153-4a29-9ee1-aebabf3ff2f9,서울 강서구,인기있는,~ 12/31(화),"Python, C++, Java, 솔루션, Linux 외                    수정일 24/12/05","['Python', 'C++', 'Java', '솔루션', 'Linux 외                    수정일 24/12/05']"
(주)대일시스템,2024년 각 부문 하반기 채용,https://www.saramin.co.kr/zf_user/jobs/relay/view?view_type=search&rec_idx=49554588&location=ts&searchword=python&searchType=search&paid_fl=n&search_uuid=7fc19ba3-5153-4a29-9ee1-aebabf3ff2f9,경기 용인시 처인구,고객상담·TM 조회 TOP100,~ 01/12(일),"Python, 기술지원, 유지보수, 알고리즘, 정보통신 외                    수정일 24/12/09","['Python', '기술지원', '유지보수', '알고리즘', '정보통신 외                    수정일 24/12/09']"
(주)DB하이텍,[DB하이텍 & DB글로벌칩] 경력사원 공개채용 (12월),https://www.saramin.co.kr/zf_user/jobs/relay/view?view_type=search&rec_idx=49585114&location=ts&searchword=python&searchType=search&paid_fl=n&search_uuid=7fc19ba3-5153-4a29-9ee1-aebabf3ff2f9,경기 부천시,오늘 뜬,~ 01/12(일),"Python, C++, Java, 머신러닝, 빅데이터 외                    수정일 24/12/13","['Python', 'C++', 'Java', '머신러닝', '빅데이터 외                    수정일 24/12/13']"
코리안리재보험(주),코리안리재보험㈜ 2025 상반기 경력직 채용,https://www.saramin.co.kr/zf_user/jobs/relay/view?view_type=search&rec_idx=49573207&location=ts&searchword=python&searchType=search&paid_fl=n&search_uuid=7fc19ba3-5153-4a29-9ee1-aebabf3ff2f9,서울 종로구,금융·보험 스크랩 TOP100,~ 12/20(금),"Python, AWS, 기술지원, 유지보수, 정보보안 외                    수정일 24/12/12","['Python', 'AWS', '기술지원', '유지보수', '정보보안 외                    수정일 24/12/12']"
알디에스(주),알디에스(오뚜기IT자회사) IT (웹)운영개발 사원모집,https://www.saramin.co.kr/zf_user/jobs/relay/view?view_type=search&rec_idx=49540716&location=ts&searchword=python&searchType=search&paid_fl=n&search_uuid=7fc19ba3-5153-4a29-9ee1-aebabf3ff2f9,서울 강남구,IT개발·데이터 지원 TOP100,~ 12/22(일),"Python, C++, Java, 웹개발, 백엔드/서버개발 외                    등록일 24/12/06","['Python', 'C++', 'Java', '웹개발', '백엔드/서버개발 외                    등록일 24/12/06']"
(주)원익로보틱스,전 부문 채용,https://www.saramin.co.kr/zf_user/jobs/relay/view?view_type=search&rec_idx=49561788&location=ts&searchword=python&searchType=search&paid_fl=n&search_uuid=7fc19ba3-5153-4a29-9ee1-aebabf3ff2f9,경기 성남시 분당구,인사·노무·HRD 조회 TOP100,~ 12/31(화),"Python, C++, 솔루션, 백엔드/서버개발, SE(시스템엔지니어) 외                    수정일 24/12/12","['Python', 'C++', '솔루션', '백엔드/서버개발', 'SE(시스템엔지니어) 외                    수정일 24/12/12']"
(주)티엑스알로보틱스,2024년 하반기 상시채용 모집,https://www.saramin.co.kr/zf_user/jobs/relay/view?view_type=search&rec_idx=49424016&location=ts&searchword=python&searchType=search&paid_fl=n&search_uuid=7fc19ba3-5153-4a29-9ee1-aebabf3ff2f9,경기 부천시,고객상담·TM 지원 TOP100,~ 12/22(일),"Python, C++, Java, 딥러닝, 솔루션 외                    수정일 24/12/11","['Python', 'C++', 'Java', '딥러닝', '솔루션 외                    수정일 24/12/11']"
(주)나라스페이스테크놀로지,[NARA SPACE] 각 부문별 직원모집,https://www.saramin.co.kr/zf_user/jobs/relay/view?view_type=search&rec_idx=49394069&location=ts&searchword=python&searchType=search&paid_fl=n&search_uuid=7fc19ba3-5153-4a29-9ee1-aebabf3ff2f9,서울 영등포구,상품기획·MD 조회 TOP100,상시채용,"Python, 솔루션, AWS, 빅데이터, 웹개발 외                    수정일 24/11/26","['Python', '솔루션', 'AWS', '빅데이터', '웹개발 외                    수정일 24/11/26']"
(주)티오이십일콤즈,2024년 웹 개발 부문 공고,https://www.saramin.co.kr/zf_user/jobs/relay/view?view_type=search&rec_idx=49552352&location=ts&searchword=python&searchType=search&paid_fl=n&search_uuid=7fc19ba3-5153-4a29-9ee1-aebabf3ff2f9,서울 구로구,IT개발·데이터 지원 TOP100,~ 02/07(금),"Python, Java, 솔루션, 머신러닝, 웹개발 외                    수정일 24/12/09","['Python', 'Java', '솔루션', '머신러닝', '웹개발 외                    수정일 24/12/09']"
(주)아이센스,㈜아이센스 2024년 신입/경력 수시채용,https://www.saramin.co.kr/zf_user/jobs/relay/view?view_type=search&rec_idx=49475890&location=ts&searchword=python&searchType=search&paid_fl=n&search_uuid=7fc19ba3-5153-4a29-9ee1-aebabf3ff2f9,서울 서초구,건설·건축 지원 TOP100,~ 12/15(일),"Python, Java, 유지보수, 데이터라벨링, ERP 외                    수정일 24/12/04","['Python', 'Java', '유지보수', '데이터라벨링', 'ERP 외                    수정일 24/12/04']"
(주)NE능률,2024년 12월 NE능률 신입 및 경력(수시) 채용,https://www.saramin.co.kr/zf_user/jobs/relay/view?view_type=search&rec_idx=49498664&location=ts&searchword=python&searchType=search&paid_fl=n&search_uuid=7fc19ba3-5153-4a29-9ee1-aebabf3ff2f9,서울 마포구,교육 스크랩 TOP100,~ 12/31(화),"Python, Java, 솔루션, Linux, 백엔드/서버개발 외                    수정일 24/12/01","['Python', 'Java', '솔루션', 'Linux', '백엔드/서버개발 외                    수정일 24/12/01']"
(주)비엔케이시스템,2025년도 상반기 신입직원 채용공고,https://www.saramin.co.kr/zf_user/jobs/relay/view?view_type=search&rec_idx=49519832&location=ts&searchword=python&searchType=search&paid_fl=n&search_uuid=7fc19ba3-5153-4a29-9ee1-aebabf3ff2f9,부산 강서구,IT개발·데이터 지원 TOP100,~ 12/15(일),"Python, C++, Java, 솔루션, AWS 외                    수정일 24/12/03","['Python', 'C++', 'Java', '솔루션', 'AWS 외                    수정일 24/12/03']"
영남이공대학교,영남이공대학교 일반직원 공개채용 공고,https://www.saramin.co.kr/zf_user/jobs/relay/view?view_type=search&rec_idx=49525634&location=ts&searchword=python&searchType=search&paid_fl=n&search_uuid=7fc19ba3-5153-4a29-9ee1-aebabf3ff2f9,대구 남구,마케팅·홍보·조사 지원 TOP100,~ 12/23(월),"Python, C++, Java, 웹개발, 앱개발 외                    수정일 24/12/09","['Python', 'C++', 'Java', '웹개발', '앱개발 외                    수정일 24/12/09']"
이에이트(주),[코스닥 상장사] 이에이트 신입 및 경력 채용,https://www.saramin.co.kr/zf_user/jobs/relay/view?view_type=search&rec_idx=48494926&location=ts&searchword=python&searchType=search&paid_fl=n&search_uuid=7fc19ba3-5153-4a29-9ee1-aebabf3ff2f9,서울 송파구,금융·보험 지원 TOP100,~ 12/31(화),"Python, C++, Java, 딥러닝, 솔루션 외                    수정일 24/11/25","['Python', 'C++', 'Java', '딥러닝', '솔루션 외                    수정일 24/11/25']"
롯데손해보험(주),신입사원 채용공고,https://www.saramin.co.kr/zf_user/jobs/relay/view?view_type=search&rec_idx=49568890&location=ts&searchword=python&searchType=search&paid_fl=n&search_uuid=7fc19ba3-5153-4a29-9ee1-aebabf3ff2f9,서울 중구,마케팅·홍보·조사 지원 TOP100,~ 12/19(목),"Python, 머신러닝, 데이터엔지니어, 백엔드/서버개발, 앱개발 외                    수정일 24/12/12","['Python', '머신러닝', '데이터엔지니어', '백엔드/서버개발', '앱개발 외                    수정일 24/12/12']"